<?xml version="1.0" encoding="UTF-8"?>
<project-private xmlns="http://www.netbeans.org/ns/project-private/1">
    <editor-bookmarks xmlns="http://www.netbeans.org/ns/editor-bookmarks/2" lastBookmarkId="0"/>
    <open-files xmlns="http://www.netbeans.org/ns/projectui-open-files/2">
        <group>
            <file>file:/D:/2019/LPM/ex09-04/src/ex09/pkg04/Ex0904.java</file>
            <file>file:/D:/2019/LPM/ex09-04/src/ex09/pkg04/Ingresso.java</file>
            <file>file:/D:/2019/LPM/ex09-04/src/ex09/pkg04/Comum.java</file>
            <file>file:/D:/2019/LPM/ex09-04/src/ex09/pkg04/vip.java</file>
        </group>
    </open-files>
</project-private>
