<?xml version="1.0" encoding="UTF-8"?>
<project-private xmlns="http://www.netbeans.org/ns/project-private/1">
    <editor-bookmarks xmlns="http://www.netbeans.org/ns/editor-bookmarks/2" lastBookmarkId="0"/>
    <open-files xmlns="http://www.netbeans.org/ns/projectui-open-files/2">
        <group>
            <file>file:/F:/2019/LPM/Calculadora/test/testes/OperacoesTestSuite.java</file>
            <file>file:/F:/2019/LPM/Calculadora/test/testes/OperacoesBasicasITest.java</file>
            <file>file:/F:/2019/LPM/Calculadora/src/OperacoesBasicas/OperacoesBasicas.java</file>
            <file>file:/F:/2019/LPM/Calculadora/test/testes/OperacoesBasicasIITest.java</file>
        </group>
    </open-files>
</project-private>
